<?xml version="1.0" encoding="UTF-8"?>
<component type="desktop">
  <id>openrct2.desktop</id>
  <metadata_license>CC0-1.0</metadata_license>
  <project_license>GPL-3.0</project_license>
  <name>OpenRCT2</name>
  <summary>Amusement park simulation</summary>
  <developer_name>The OpenRCT2 Team</developer_name>
  <launchable type="desktop-id">openrct2.desktop</launchable>
  <description>
    <p>
      OpenRCT2 is an open-source re-implementation of RollerCoaster Tycoon 2 (RCT2).
      The gameplay revolves around building and maintaining an amusement park containing
      attractions, shops and facilities. The player must try to make a profit and maintain
      a good park reputation whilst keeping the guests happy. OpenRCT2 allows for both
      scenario and sandbox play. Scenarios require the player to complete a certain
      objective in a set time limit whilst sandbox allows the player to build a more
      flexible park with optionally no restrictions or finance.
    </p>
    <p>
      OpenRCT2 features many changes compared to the original RollerCoaster Tycoon 2 game. A few of them are listed here.
    </p>
    <ul>
      <li>User Interface theming.</li>
      <li>Fast-forwarding gameplay.</li>
      <li>Multiplayer support.</li>
      <li>Multilingual. Improved translations.</li>
      <li>OpenGL hardware rendering.</li>
      <li>Various fixes and improvements for bugs in the original game.</li>
      <li>Native support for Linux and macOS.</li>
      <li>Added hacks and cheats.</li>
      <li>Auto-saving and giant screenshots.</li>
    </ul>
    <p>
      Original RollerCoaster Tycoon 2 or RollerCoaster Tycoon Classic game files are required in order to play OpenRCT2.
    </p>
  </description>
  <screenshots>
    <screenshot type="default">
      <image>https://camo.githubusercontent.com/f513bc551e2c9e04e292724113ea4789726d23921d286f21dad39a6e955b5a56/68747470733a2f2f692e696d6775722e636f6d2f6537434b3553632e706e67</image>
      <caption>Amusement park featuring an inverted roller coaster, a river rapids ride and custom scenery</caption>
    </screenshot>
  </screenshots>
  <url type="homepage">https://openrct2.io/</url>
  <url type="bugtracker">https://github.com/OpenRCT2/OpenRCT2/issues</url>
  <url type="faq">https://github.com/OpenRCT2/OpenRCT2/wiki/FAQ-&amp;-Common-Issues</url>
  <url type="help">https://docs.openrct2.io</url>
  <url type="translate">https://github.com/OpenRCT2/Localisation</url>
  <content_rating type="oars-1.0">
    <content_attribute id="violence-cartoon">mild</content_attribute>
    <content_attribute id="violence-fantasy">none</content_attribute>
    <content_attribute id="violence-realistic">none</content_attribute>
    <content_attribute id="violence-bloodshed">none</content_attribute>
    <content_attribute id="violence-sexual">none</content_attribute>
    <content_attribute id="drugs-alcohol">none</content_attribute>
    <content_attribute id="drugs-narcotics">none</content_attribute>
    <content_attribute id="drugs-tobacco">none</content_attribute>
    <content_attribute id="sex-nudity">none</content_attribute>
    <content_attribute id="sex-themes">none</content_attribute>
    <content_attribute id="language-profanity">none</content_attribute>
    <content_attribute id="language-humor">none</content_attribute>
    <content_attribute id="language-discrimination">none</content_attribute>
    <content_attribute id="social-chat">intense</content_attribute>
    <content_attribute id="social-info">none</content_attribute>
    <content_attribute id="social-audio">none</content_attribute>
    <content_attribute id="social-location">none</content_attribute>
    <content_attribute id="social-contacts">none</content_attribute>
    <content_attribute id="money-purchasing">none</content_attribute>
    <content_attribute id="money-gambling">none</content_attribute>
  </content_rating>
  <releases>
      <release version="0.4.16" date="2024-11-03">
          <url>https://github.com/OpenRCT2/OpenRCT2/releases/tag/v0.4.16</url>
      </release>
      <release version="0.4.15" date="2024-10-06">
          <url>https://github.com/OpenRCT2/OpenRCT2/releases/tag/v0.4.15</url>
      </release>
      <release version="0.4.14" date="2024-09-01">
          <url>https://github.com/OpenRCT2/OpenRCT2/releases/tag/v0.4.14</url>
      </release>
      <release version="0.4.13" date="2024-08-04">
          <url>https://github.com/OpenRCT2/OpenRCT2/releases/tag/v0.4.13</url>
      </release>
      <release version="0.4.12" date="2024-07-07">
          <url>https://github.com/OpenRCT2/OpenRCT2/releases/tag/v0.4.12</url>
      </release>
      <release version="0.4.11" date="2024-05-05">
          <url>https://github.com/OpenRCT2/OpenRCT2/releases/tag/v0.4.11</url>
      </release>
      <release version="0.4.10" date="2024-04-02">
          <url>https://github.com/OpenRCT2/OpenRCT2/releases/tag/v0.4.10</url>
      </release>
      <release version="0.4.9" date="2024-03-02">
          <url>https://github.com/OpenRCT2/OpenRCT2/releases/tag/v0.4.9</url>
      </release>
      <release version="0.4.8" date="2024-02-04">
          <url>https://github.com/OpenRCT2/OpenRCT2/releases/tag/v0.4.8</url>
      </release>
      <release version="0.4.7" date="2023-12-31">
          <url>https://github.com/OpenRCT2/OpenRCT2/releases/tag/v0.4.7</url>
      </release>
      <release version="0.4.6" date="2023-09-03">
          <url>https://github.com/OpenRCT2/OpenRCT2/releases/tag/v0.4.6</url>
      </release>
      <release version="0.4.5" date="2023-05-08">
          <url>https://github.com/OpenRCT2/OpenRCT2/releases/tag/v0.4.5</url>
      </release>
      <release version="0.4.4" date="2023-03-28">
          <url>https://github.com/OpenRCT2/OpenRCT2/releases/tag/v0.4.4</url>
      </release>
      <release version="0.4.3" date="2022-12-14">
          <url>https://github.com/OpenRCT2/OpenRCT2/releases/tag/v0.4.3</url>
      </release>
      <release version="0.4.2" date="2022-10-05">
          <url>https://github.com/OpenRCT2/OpenRCT2/releases/tag/v0.4.2</url>
      </release>
      <release version="0.4.1" date="2022-07-04">
          <url>https://github.com/OpenRCT2/OpenRCT2/releases/tag/v0.4.1</url>
      </release>
      <release version="0.4.0" date="2022-04-25">
          <url>https://github.com/OpenRCT2/OpenRCT2/releases/tag/v0.4.0</url>
      </release>
      <release version="0.3.5.1" date="2021-11-21">
          <url>https://github.com/OpenRCT2/OpenRCT2/releases/tag/v0.3.5.1</url>
      </release>
      <release version="0.3.5" date="2021-11-06">
          <url>https://github.com/OpenRCT2/OpenRCT2/releases/tag/v0.3.5</url>
      </release>
      <release version="0.3.4.1" date="2021-07-25">
        <url>https://github.com/OpenRCT2/OpenRCT2/releases/tag/v0.3.4.1</url>
      </release>
      <release version="0.3.4" date="2021-07-19">
        <url>https://github.com/OpenRCT2/OpenRCT2/releases/tag/v0.3.4</url>
      </release>
      <release version="0.3.3" date="2021-03-13">
        <url>https://github.com/OpenRCT2/OpenRCT2/releases/tag/v0.3.3</url>
      </release>
      <release version="0.3.2" date="2020-11-01">
        <url>https://github.com/OpenRCT2/OpenRCT2/releases/tag/v0.3.2</url>
      </release>
      <release version="0.3.1" date="2020-09-27">
        <url>https://github.com/OpenRCT2/OpenRCT2/releases/tag/v0.3.1</url>
      </release>
      <release version="0.3.0" date="2020-08-15">
        <url>https://github.com/OpenRCT2/OpenRCT2/releases/tag/v0.3.0</url>
      </release>
      <release version="0.2.6" date="2020-04-17">
        <url>https://github.com/OpenRCT2/OpenRCT2/releases/tag/v0.2.6</url>
      </release>
      <release version="0.2.5" date="2020-03-24">
        <url>https://github.com/OpenRCT2/OpenRCT2/releases/tag/v0.2.5</url>
      </release>
      <release version="0.2.4" date="2019-10-28">
        <url>https://github.com/OpenRCT2/OpenRCT2/releases/tag/v0.2.4</url>
      </release>
      <release version="0.2.3" date="2019-07-10">
        <url>https://github.com/OpenRCT2/OpenRCT2/releases/tag/v0.2.3</url>
      </release>
      <release version="0.2.2" date="2019-03-13">
        <url>https://github.com/OpenRCT2/OpenRCT2/releases/tag/v0.2.2</url>
      </release>
      <release version="0.2.1" date="2018-08-26">
        <url>https://github.com/OpenRCT2/OpenRCT2/releases/tag/v0.2.1</url>
      </release>
      <release version="0.2.0" date="2018-06-10">
        <url>https://github.com/OpenRCT2/OpenRCT2/releases/tag/v0.2.0</url>
      </release>
  </releases>
</component>
