<?xml version="1.0" encoding="UTF-8"?>
<component type="desktop-application">
  <id>net.supertuxkart.SuperTuxKart</id>
  <metadata_license>CC0-1.0</metadata_license>
  <project_license>GPL-3.0+</project_license>
  <launchable type="desktop-id">supertuxkart.desktop</launchable>
  <name>SuperTuxKart</name>
  <summary>A 3D open-source kart racing game</summary>
  <summary xml:lang="zh_TW">3D 開源卡丁車賽車遊戲</summary>
  <summary xml:lang="zh_HK">3D 開源卡丁車賽車遊戲</summary>
  <summary xml:lang="zh_CN">一个三维开源赛车游戏</summary>
  <summary xml:lang="tr">3D açık kaynaklı kart yarış oyunu</summary>
  <summary xml:lang="th">เกมแข่งรถโอเพ่นซอร์ส 3 มิติ</summary>
  <summary xml:lang="sv">Ett 3D-racingspel med öppen källkod</summary>
  <summary xml:lang="sr">Игра тркања колицима слободног кода</summary>
  <summary xml:lang="sl">3D odprtokodna dirkalna igra</summary>
  <summary xml:lang="sk">3D open-source závodná hra v štýle arkády</summary>
  <summary xml:lang="rue">3х-мірна возикова перебігова бавка</summary>
  <summary xml:lang="ru">Свободная трёхмерная гоночная игра на машинках</summary>
  <summary xml:lang="ro">Un joc de curse 3D open-source</summary>
  <summary xml:lang="pt_BR">Corridas de kart em 3D e código aberto</summary>
  <summary xml:lang="pt">Um jogo 3D de karting com mascotes de aplicativos open source.</summary>
  <summary xml:lang="pl">Trójwymiarowe wyścigi gokartów open-source</summary>
  <summary xml:lang="oc">Un jòc de corsa de kart liure en 3D</summary>
  <summary xml:lang="nn">Eit racerspel i 3D med open kjeldekode</summary>
  <summary xml:lang="nl">Een open source 3D kartracespel</summary>
  <summary xml:lang="ml">ഒരു സ്വതന്ത്ര 3D കാർട്ട് റേസിംഗ് ഗെയിം</summary>
  <summary xml:lang="mk">3D open-source тркачка картинг игра</summary>
  <summary xml:lang="ko">3D 오픈소스 카트 경주 게임</summary>
  <summary xml:lang="ja">オープンソースな3Dレーシングカートゲーム</summary>
  <summary xml:lang="it">Un gioco open-source 3D di corse su kart</summary>
  <summary xml:lang="id">Sebuah permainan balap kart 3D sumber-terbuka</summary>
  <summary xml:lang="hu">Egy 3D-s, nyílt forráskódú gokartverseny játék</summary>
  <summary xml:lang="he">משחק מֵרוצי מכוניות בתלת־ממד ובקוד פתוח</summary>
  <summary xml:lang="gl">Un xogo de carreiras de karts en 3D e de código aberto.</summary>
  <summary xml:lang="gd">Geama rèisidh chartaichean 3D le bun-tùs fosgailte</summary>
  <summary xml:lang="fr">Un jeu libre de course de karts en 3D</summary>
  <summary xml:lang="fil">Isang 3D at open-source na kart racing game.</summary>
  <summary xml:lang="fi">Avoimen lähdekoodin kolmiulotteinen kilpa-ajopeli</summary>
  <summary xml:lang="eu">Kart lasterketetako 3D jolas librea</summary>
  <summary xml:lang="es">Un juego de carreras de karts en 3D de código abierto.</summary>
  <summary xml:lang="eo">3D-a malfermitkoda karta vetkurad-ludo</summary>
  <summary xml:lang="el">Ενα 3D ανοιχτού κώδικα παιχνίδι  αγώνων με κάρτ </summary>
  <summary xml:lang="de">Ein Open-Source 3D-Kart-Rennspiel</summary>
  <summary xml:lang="da">Et 3D-kartracerspil i open source</summary>
  <summary xml:lang="cy">Gêm rasio cart cod agored 3D</summary>
  <summary xml:lang="cs">3D open source závodní hra motokár</summary>
  <summary xml:lang="ca">Un joc de curses de karts en 3D de codi obert.</summary>
  <summary xml:lang="bg">3-измерна състезателна игра с колички, с отворен код</summary>
  <summary xml:lang="be">3D-гульня для гонак на картах з адкрытым зыходным кодам</summary>
  <summary xml:lang="ar">لعبة سباق سيارات ثلاثية الأبعاد مفتوحة المصدر</summary>
  <description>
    <p>
      Karts. Nitro. Action! SuperTuxKart is a 3D open-source arcade racer with a variety of characters, tracks, and modes to play. Our aim is to create a game that is more fun than realistic, and provide an enjoyable experience for all ages.
    </p>
    <p xml:lang="zh_TW">卡丁車。氮氣。行動！ SuperTuxKart 是一款 3D 開源卡丁車賽車遊戲，具有多種角色，賽道和遊戲模式。我們的目標是創造一款比逼真更有趣的遊戲，並為所有年齡層的用戶提供愉悅的體驗。</p>
    <p xml:lang="zh_HK">卡丁車。氮氣。行動！ SuperTuxKart 是一款 3D 開源卡丁車賽車遊戲，具有多種角色，賽道和遊戲模式。我們的目標是創造一款比逼真更有趣的遊戲，並為所有年齡層的用戶提供愉悅的體驗。</p>
    <p xml:lang="zh_CN">引擎轰鸣，燃气喷涌，正是赛车启动时！SuperTuxKart 是一款开源的三维街机赛车游戏，内含多种角色、赛道和游戏模式。我们的目标是创造一款比现实世界的卡丁车更有趣的、老少皆宜的游戏。</p>
    <p xml:lang="tr">Araçlar. Nitro. Aksiyon! SuperTuxKart, çeşitli karakterler, pistler ve oynanacak kiplere sahip 3B açık kaynaklı bir oyun makinesi yarışçısıdır. Amacımız gerçekçi olmaktan çok daha eğlenceli bir oyun yaratmak ve her yaşa keyifli bir deneyim sunmaktır.</p>
    <p xml:lang="th">รถแข่ง ไนโตร. แอกชั่น! SuperTuxKart เป็นเกมโอเพ่นซอร์สแข่งรถแบบอาเขต 3 มิติที่มีตัวละคร สนามแข่ง และโหมดต่างๆ ให้เล่นมากมาย เป้าหมายของเราคือการสร้างเกมที่สนุกกว่าความเป็นจริง และมอบประสบการณ์ที่สนุกสนานสำหรับทุกวัย</p>
    <p xml:lang="sv">Karter. Nitro. Handling! SuperTuxKart är en 3D-arkadracer med öppen källkod med en mängd olika karaktärer, banor och lägen att spela. Vårt mål är att skapa ett spel som är roligare än realistiskt och ger en trevlig upplevelse för alla åldrar.</p>
    <p xml:lang="sr">Колица. Нитро. Акање! Супертаксколица је аркадна просторна тркачка игра слободног кода са мноштвом ликова, стаза и начина играња. Наш циљ је да створимо игру која ће бити више забавна него ли природног изгледа, и која може пружити пријатно искуство свим нараштајима.</p>
    <p xml:lang="sl">Vozila. Nitro. Akcija! SuperTuxKart je 3D odprtokodna arkadna dirkalnica s pestrim naborom voznikov, stez in igralnih načinov. Namen igre je prej zabava kot realizem in prijetna izkušnja za igralce vseh starosti.</p>
    <p xml:lang="sk">Motokáry. Nitro. Akcia! SuperTuxKart je 3D závodná hra v štýle arkády s otvoreným zdrojovým kódom a množstvom postáv, tratí a herných režimov. Našim cieľom je vytvoriť hru,  v ktorej ide viac o zábavu ako o autentickosť a poskytnúť dobrý herný zážitok hráčovi každého veku.</p>
    <p xml:lang="rue">Моторвозикы. Нітро. Екшен! SuperTuxKart се 3ьохмірна аркадна гонитва из одкрытым зачаточным кодом рузными особами, автомапами и режімув для бавкы. Наша цїль учинити бавку яка май весела, чим реалістічна и натїшит вшыткі рокы.</p>
    <p xml:lang="ru">Карты. Нитро. Скорость! SuperTuxKart — это свободная трёхмерная аркадная гоночная игра с множеством персонажей, трасс и режимов. Прежде всего мы стремимся создать весёлую и приятную игру, подходящую для всех возрастов.</p>
    <p xml:lang="pt_BR">Karts. Nitro. Ação! O SuperTuxKart é um jogo de corrida tridimensional e de código aberto, com grande variedade de personagens, pistas e modos de jogo. Focamos mais na diversão do que no realismo, procurando agradar a todas as idades.</p>
    <p xml:lang="pt">Karts. Nitro. Ação! SuperTuxKart é um jogo 3D de karting arcade com uma variedade de personagens, pistas e vários modos de jogo. O nosso objectivo é criar um jogo que se foque mais na diversão do que no realismo, e dar uma experiência disfrutante aos jogadores de todas as idades.</p>
    <p xml:lang="pl">Gokarty. Nitro. Akcja! SuperTuxKart to trójwymiarowa zręcznościowa gra wyścigowa open-source z wieloma postaciami, trasami i trybami gry. Naszym celem jest stworzenie gry, która będzie bardziej zabawna niż realistyczna i zapewni przyjemne wrażenia dla wszystkich grup wiekowych.</p>
    <p xml:lang="nn">Racerkøyretøy – nitroar – action! SuperTuxKart eit racerspel i 3D, med open kjeldekode og mange ulike køyretøy, baner og spel­modusar. Målet er eit spel med meir vekt på underhaldning enn på realisme – eit som gjev mykje moro for folk i alle aldrar.</p>
    <p xml:lang="nl">Karts. Turbogas. Actie! SuperTuxKart is een open source 3D-racespel met verschillende personages, parcours en spelmodi. Ons doel is om een spel te maken dat leuk is en niet per se heel realistisch. Een spel wat iedereen, ongeacht de leeftijd, met plezier kan spelen.</p>
    <p xml:lang="ml">കാർട്ടുകൾ. നൈട്രോ. ആക്ഷൻ! സൂപ്പർടക്സ്കാർട്ട് വൈവിധ്യമാർന്ന കഥാപാത്രങ്ങളും, ട്രാക്കുകളും, കളിക്കുവാൻ പല മോഡുകളും അണിനിരക്കുന്ന ഒരു സ്വതന്ത്ര 3D ആർക്കേഡ് റേസറാണ്. യാഥാർത്ഥ്യം എന്നതിലുപരി രസകരമായ, എല്ലാ പ്രായക്കാരിലും ആസ്വാദ്യാനുഭവം ഉളവാക്കുന്ന ഒരു ഗെയിം സൃഷ്ടിക്കുക എന്നതാണ് ഞങ്ങളുടെ ലക്ഷ്യം.</p>
    <p xml:lang="mk">Возила. Нитро. Акција! Супертукскарт е 3Д отворен-код аркаден тркач со разновидност од ликови, стази и режими за играње. Нашата цел е да создадеме игра која што е повеќе интересна отколку реална, и да обезбедиме пријатно искуство за сите возрасти. </p>
    <p xml:lang="ko">카트. 니트로. 액션! 슈퍼턱스카트는 다양한 캐릭터, 트랙, 플레이모드를 가진 3D아케이드 경주입니다. 우리의 목표는 현실보다 재밌는 게임을 개발하고, 모든 연령대에 재밌는 경험을 제공하는 것입니다.</p>
    <p xml:lang="ja">カート、ニトロ、アクション! SuperTuxKartは3Dオープンソースのアーケードレースゲームで、様々なキャラクター、トラック、モードが遊べます。私たちは、リアルさよりも楽しさを追求し、あらゆる年齢層の方に楽しんでいただけるゲームを目指しています。</p>
    <p xml:lang="it">Kart. Nitro. Azione! SuperTuxKart è un gioco open-source 3D di corsa con vari personaggi, piste e modalità giocabili. Il nostro obbiettivo è quello di creare un gioco che sia più divertente che realistico e che fornisca una piacevole esperienza per qualunque età.</p>
    <p xml:lang="id">Kart. Nitro. Mulai! SuperTuxKart adalah sebuah permainan balap 3D sumber-terbuka dengan sejumlah karakter, lintasan, dan mode untuk dimainkan. Target kami adalah membuat sebuah permainan yang lebih mengarah ke kesenangan daripada realistis, dan memberikan pengalaman yang mengasyikkan untuk semua umur.</p>
    <p xml:lang="hu">Gokartok. Nitró. Akcíó! A SuperTuxKart egy 3D-s, nyílt forráskódú versenyjáték számos karakterrel, pályával és játékmóddal. A célunk, hogy a játék szórakoztatóbb legyen, mintsem valósághű, és szórakoztató élményt nyújtson minden korosztálynak.</p>
    <p xml:lang="he">מכוניות. גז־טורבו. אקשן! SuperTuxKart הוא משחק ארקייד של תחרויות מרוץ בתלת־ממד ובקוד פתוח עם מגוון דמויות, מסלולים, ומצבים למשחק. מטרתנו ליצור משחק מהנה יותר מהמציאות, ולספק חוויה מהנה לכל הגילים.</p>
    <p xml:lang="gd">Cartaichean. Naidhtreo. Steall ort! ’S e geama rèisidh 3D le bun-tùs fosgailte a th’ ann an SuperTxKart le pailteas phearsachan, slighean is modhan cluiche. Tha sinn ag amas geama a chruthachadh a tha spòrsail seach fìor-riochdail ’s a bhios tlachdmhor do chluicheadairean de gach aois.</p>
    <p xml:lang="fr">Karts. Nitro. Action! SuperTuxKart est un jeu de course arcade en 3D avec une variété de personnages, pistes et modes de jeu. Notre objectif est de créer un jeu orienté vers le divertissement plutôt que le réalisme et d'offrir une expérience agréable pour les joueurs de tous ages.</p>
    <p xml:lang="fil">Mga Kart, Nitro, Aksyon! Ang SuperTuxKart ay isang 3D at open-source na arcade racer na may iba't ibang character, track, at modes na laruin. Ang aming layunin ay lumikha ng isang laro na mas masaya kaysa makatotohanan, at magbigay ng kasiya-siyang karanasan para sa lahat ng edad. </p>
    <p xml:lang="fi">Ajokit. Nitrot. Toimintaa! SuperTuxKart on 3D avoimen lähdekoodin kolikkopelityylinen kilvanajopeli jossa on kirjava valikoima erilaisia hahmoja, ratoja, ja pelityyppejä. Tavoitteenamme on luoda peli joka on enemmänkin hauska kuin todenmukainen, sekä tarjota nautittava pelikokemus kaikenikäisille.</p>
    <p xml:lang="es">Karts. Nitro. ¡Acción! SuperTuxKart es un juego de carreras 3D de código abierto con una gran variedad de personajes, circuitos y formas de jugar. Nuestro objectivo es crear un juego que sea más divertido que realista, y proporcionar una experiencia agradable para todas las edades.</p>
    <p xml:lang="el">Καρτ. Nitro. Πάμε! To SuperTuxKart είναι ένα τρισδιάστατο, ανοικτού λογισμικού ηλεκτρονικό παιχνίδι αγώνων δρόμου, με ποικιλία χαρακτήρων, πιστών και κατηγοριών για να παίξετε. Στόχος μας είναι να φτιάξουμε ένα παιχνίδι το οποίο είναι περισσότερο διασκεδαστικό παρά ρεαλιστικό και να παρέχει μια ευχάριστη εμπειρία για όλες τις ηλικίες. </p>
    <p xml:lang="de">Karts. Nitro. Action! SuperTuxKart ist ein Open-Source 3D-Arcade-Rennspiel mit einer Vielzahl von Charakteren, Strecken und Spielmodi. Unser Ziel ist es, ein Spiel zu schaffen, das mehr Spaß macht als realistisch ist, und eine unterhaltsame Erfahrung für alle Altersgruppen bietet.</p>
    <p xml:lang="da">Karts. nitro. action! SuperTuxKart er en 3D-arkaderacer i open source med et udvalg af karakterer, spor og tilstande som kan spilles. Vores mål er at skabe et spil som er mere sjovt end det er realistisk og give alle aldersgrupper en god oplevelse.</p>
    <p xml:lang="cy">Cartiau. Nitro. Antur! Mae SuperTuxKart yn gêm rasio arcêd cod agored 3D gydag amrywiaeth o gymeriadau, traciau a moddau i'w chwarae. Ein nod yw creu gêm sy'n fwy o hwyl na realistig, ac yn cynnig profiad pleserus i bob oed.</p>
    <p xml:lang="cs">Motokáry. Nitro. Akce! SuperTuxKart je 3D arkádová závodní hra s otevřeným zdrojovým kódem, která nabízí různé postavy, tratě a režimy. Naším cílem je vytvořit hru, která je spíš zábavnější než realistická a poskytne příjemný zážitek všem věkovým skupinám.</p>
    <p xml:lang="ca">Karts. Nitro. Acció! El SuperTuxKart és un joc de curses 3D de codi obert amb una gran varietat de personatges, circuits i maneres de jugar. El nostre objectiu és crear un joc que sigui més divertit que realista, i proporcionar una experiència agradable per a totes les edats.</p>
    <p xml:lang="bg">Колички. Азот. Екшън! Супер Тъкс Карт е 3-измерна състезателна игра с отворен код, която включва множество персонажи, писти и режими на игра. Целта ни е да създадем игра, която е повече забавна, отколкото реалистична – такава, която предоставя приятно изживяване за хора от всички възрасти.</p>
    <p xml:lang="be">Карты. Нітра. Старт! SuperTuxKart - гэта 3D аркадныя гонкі з адкрытым зыходным кодам і разнастайнымі персанажамі, трасамі і рэжымамі гульні. Наша мэта - стварыць гульню, ад якой гульцы любога ўзросту атрымаюць задавальненне, з большым акцэнтам на працэсс гульні, чым на рэалістычнасць.</p>
    <p xml:lang="ar">شغل العربة. جهز النيترو. انطلق! لعبة سوبر تاكس كارت هي لعبة سباق ثلاثيية الأبعاد ومفتوحة المصدر، فيها مجموعة متنوعة من الشخصيات والمسارات وأنماط اللعب. هدفنا ابتكار لعبة ممتعة أكثر من كونها واقعية، وتوفر تجربة ممتعة لجميع الأعمار.</p>
    <p>
      We have several tracks with various themes for players to enjoy, from driving underwater, rural farmlands, jungles or even in space! Try your best while avoiding other karts as they may overtake you, but don't eat the bananas! Watch for bowling balls, plungers, bubble gum, and cakes thrown by your opponents.
    </p>
    <p xml:lang="zh_TW">我們有幾條不同主題的賽道供玩家享受，從水下賽車、農村農田、叢林，甚至是在太空中！盡量避開其他卡丁車，因為他們可能會超過您，但不要吃香蕉！注意對手投擲的保齡球、活塞、泡泡糖與蛋糕。</p>
    <p xml:lang="zh_HK">我們有幾條不同主題的賽道供玩家享受，從水下賽車、農村農田、叢林，甚至是在太空中！盡量避開其他卡丁車，因為他們可能會超過您，但不要吃香蕉！注意對手投擲的保齡球、活塞、泡泡糖與蛋糕。</p>
    <p xml:lang="zh_CN">我们有很多不同主题的赛道，您可以在水下、农场、丛林，甚至在太空中比赛！尽你最大的努力，同时在超车的时候避免相撞，记住不要吃到香蕉！注意对手扔的保龄球、马桶揣子、泡泡糖和蛋糕。</p>
    <p xml:lang="tr">Su altında, kırsal tarım arazilerinde, ormanlarda ve hatta uzayda sürüşten, oyuncuların eğlenmesi için çeşitli temalara sahip birkaç yolumuz var! Sizi geçebilecekleri için diğer araçlardan kaçınırken elinizden gelenin en iyisini yapın, ancak muzları yemeyin! Rakipleriniz tarafından fırlatılan bowling toplarına, pistonlara, sakızlara ve keklere dikkat edin.</p>
    <p xml:lang="th">เรามีสนามแข่งหลายสนามที่มีธีมหลากหลายให้ผู้เล่นได้เพลิดเพลิน ตั้งแต่การขับรถใต้น้ำ พื้นที่เพาะปลูกในชนบท ป่า หรือแม้แต่ในอวกาศ! พยายามอย่างดีที่สุดในขณะที่หลีกเลี่ยงรถแข่งคันอื่นเพราะอาจแซงคุณได้ แต่อย่ากินกล้วย! ดูลูกโบว์ลิ่ง ที่ดูดส้วม หมากฝรั่ง และเค้กที่ฝ่ายตรงข้ามโยน</p>
    <p xml:lang="sv">Vi har flera spår med olika teman för spelare att njuta av, från att köra under vattnet, jordbruksmarker, djungler eller till och med i rymden! Försök ditt bästa samtidigt som du undviker andra karter eftersom de kan köra förbi dig, men ät inte bananerna! Håll utkik efter bowlingbollar, kolvar, bubbelgummi och kakor som dina motståndare kastar.</p>
    <p xml:lang="sr">Имамо неколико стаза са разним темама за играчко уживање, од вожње под водом, сеоских предела, прашума, чак и свемира! Покушајте да избегавате остала колица јер Вас могу претећи, али не једите банане! Пазите се кугли, гума за отчепљивање цеви, жвакаћих гума, и колача које бацају Ваши противници!</p>
    <p xml:lang="sl">Igralci lahko uživajo na različnih progah, od podvodnih globin, odmaknjenih kmetij in džungel pa vse do vesolja! Preizkusi svoje sposobnosti in se spoprimi z drugimi vozili, pri tem pa pazi na banane, kegljaške krogle, odmaševalnike, žvečilni gumi in torte, s katerimi te nasprotniki obmetavajo.</p>
    <p xml:lang="rue">У нас пару автомап из рузным мотивом для бавлячув од подводного шоферованя, сілськых готарьств, джунґлув вадь онь у космосови! Старайте ся як лем можете, оббігавучи другі возикы, айбо не їчте бананы! Позирайте за боулінґ-лобдами, протычками ай жвачками из колачами, котрі мечут ваші противникы.</p>
    <p xml:lang="ru">У нас для игроков есть несколько треков с различными темами — гонки под водой, по сельской местности, по джунглям и даже в космосе! Испытайте себя в соревновании с другими картами, но ни в коем случае не ешьте бананы! Следите за шарами для боулинга, поршнями, жевательной резинкой и пирожными, брошенными вашими противниками.</p>
    <p xml:lang="pt_BR">Há diversos tipos de pistas no SuperTuxKart. Temos pistas debaixo d'água, no meio rural, na selva e até mesmo no espaço! Abuse de suas habilidades na direção para se desviar dos outros karts e das bananas, e tome cuidado com as bolas de boliche, os chicletes, as tortas e os desentupidores atirados pelos adversários.</p>
    <p xml:lang="pt">Temos uma variedade de pistas com diferentes temas para os jogadores desfrutarem, desde corridas debaixo de água, quintas rurais, selvas e até no espaço! Dá o teu melhor a desviar-te de outros karts à medida que (possivelmente) te ultrapassam, só não comas as bananas! Cuidado com bolas de bólingue, desentupidores, pastilhas elásticas e bolos atirados pelos teus adversários.</p>
    <p xml:lang="pl">Mamy dla graczy kilka torów z różnymi motywami, od jazdy pod wodą, przez wiejskie pola uprawne, dżungle, a nawet w kosmosie! Postaraj się jechać jak najlepiej, unikając innych gokartów, ponieważ mogą cię wyprzedzić, ale nie jedz bananów! Uważaj na kule do kręgli, odtykaczki, gumę balonową i ciastka rzucane przez przeciwników. </p>
    <p xml:lang="nn">Me har fleire baner du kan køyra på – med spennande tema som djuphavet, bonde­landet, jungelen og verds­rommet! Køyr så godt du kan, for å unngå at motstandarane klarar å komma forbi deg. Og ikkje et bananane! Pass deg òg for bowling­kulene, suge­koppane, tyggisane og kakene som motstandarane prøver å hiva på deg for å øydeleggja.</p>
    <p xml:lang="nl">Er zijn verschillende parcours met wisselende thema's, zoals een onderwaterparcours, maar ook een boerderij-, jungle- en ruimteparcours. Zet je beste beentje voor en zorg dat andere karts je niet inhalen! O ja, eet geen bananenschillen en pas op voor bowlingballen, ploppers, kauwgom en taarten die je tegenstanders op je afvuren!</p>
    <p xml:lang="ml">കളിക്കാരുടെ ആസ്വാദനത്തിനായി ഞങ്ങൾ അവതരിപ്പിക്കുന്നു വിവിധ ആശയങ്ങൾ ഉൾക്കൊള്ളിച്ച ട്രാക്കുകൾ, പന്തയം ആഴക്കടൽ, ഗ്രാമീണ കൃഷിയിടങ്ങൾ, വനങ്ങൾ എന്നിവയിൽ തുടങ്ങി ശൂന്യകാശം വരെയെത്തുന്നു! മറ്റു കാർട്ടുകൾ നിങ്ങളെ എതിരിടുമെന്നതിനാൽ അവരെ പരമാവധി ഒഴിവാക്കാൻ ശ്രമിക്കുക, പക്ഷേ പഴത്തൊലികൾ തിന്നരുത്! നിങ്ങളുടെ എതിരാളികൾ എറിയുന്ന ബൗളിംഗ് ബോളുകൾ, പ്ലഞ്ചറുകൾ, ബബിൾ ഗം, പിന്നെ കേക്കുകൾ എന്നിവയ്ക്കുമേൽ ഒരു കണ്ണു വേണം.</p>
    <p xml:lang="mk">Имаме неколку стази со различни теми за играчите да уживаат, од возење под вода, селски обработливи површини, џунгли или дури во вселената! Дадете го вашето најдобро додека избегнувате други возила бидејќи можат да ве престигнат, но не јадете ги бананите! Внимавајте на топки за куглање, алатки за отпушување, гума за џвакање, и торти фрлени од вашите противници</p>
    <p xml:lang="ko">수중 운전, 시골 농지, 정글, 심지어 우주에서 까지 즐길 수 있는 다양한 테마의 여러 ​​트랙이 있습니다! 바나나를 밟지 않고 다른 카트에게 추월당하지 않도록 최선을 다하세요! 다른 유저가 던진 볼링 공, 플런저, 풍선 껌, 케이크를 조심하세요.</p>
    <p xml:lang="ja">水中、農村、ジャングル、宇宙など、様々なテーマのコースを用意しています。他のカートに追い越されないように、バナナを食べずに頑張ってください。ボウリングの玉、ラバーカップ、ガム、ケーキなど、敵が投げてくるものにも気をつけよう。</p>
    <p xml:lang="it">Ci sono diversi tracciati con tematiche differenti con cui ci si può divertire! Dalle corse sotto al mare, alle fattorie rurali, giungle e addirittura nello spazio! Dai il tuo meglio sorpassando gli avversari, ma non mangiare banane! Fai attenzione agli avversari che lanceranno palle da bowling, sturalavandini, gomme da masticare e addirittura torte!</p>
    <p xml:lang="id">Kami memiliki beberapa sirkuit dengan beragam tema untuk dinikmati para pemain, dari menyetir di bawah air, tanah pertanian di pedesaan, hutan belantara atau bahkan di luar angkasa! Cobalah sebaik mungkin sembari menghindari kart lain atau mereka akan menyalipmu, tetapi jangan makan pisangnya! Perhatikan bola bowling, tongkat penyedot, permen karet dan kue yang dilemparkan oleh lawan-lawanmu.</p>
    <p xml:lang="hu">Számos pályánk van különböző témával, amelyet élvezhetnek a játékosok: vezetés a víz alatt, egy vidéki gazdaságban, a dzsungelben vagy akár akár a világűrben! Próbáld elkerülni a többi gokartot, mert leelőzhetnek, de ne edd meg a banánokat! Figyelj az ellenfelek által kilőtt tekegolyókra, WC-pumpákra, rágógumikra és tortákra. </p>
    <p xml:lang="he">יש לנו כמה מסלולים במגוון נושאים שהשחקנים יכולים ליהנות מהם, החל מצלילה במצולות, חוות חקלאיות, ג׳ונגלים, ועד לחלל! במשחק יש לנסוע במיטב יכולתך תוך הימנעות ממכוניות אחרות שעלולות לעקוף אותך, ולא לאכול את הבננות! אפשר לצפות בכדורי כדורת, פומפות, גומי לעיסה, ועוגות שזורקים היריבים שלך.</p>
    <p xml:lang="gd">Tha iomadh slighe againn le cuspairean eadar-dhealaichte a ghabhas na cluicheadairean tlachd asta, eadar draibheadh fon uisge, tuathanas, dlùth-choille no fiù ’s san fhànas! Dèan do dhìcheall fhad ’s a bhios tu a’ seachnadh nan cartaichean eile a’ feuchainn ri falbh seachad ort ach na ith na bananathan! Thoir an aire air bàlaichean bobhlaireachd, loinidean, deòghlain is cèicichean a thilgeas na co-fharpaisichean ort.</p>
    <p xml:lang="fr">Nous avons plusieurs circuits dans plusieurs thématiques : des pistes sous-marines, des fermes rurales, des jungles ou même dans l'espace! Faites de votre mieux pour éviter les autres karts car ils tenteront de vous doubler, mais ne mangez pas les bananes! Prenez garde aux boules de bowling, aux ventouses, aux gommes et gâteaux lancés par vos adversaires.</p>
    <p xml:lang="fil">Mayroon kaming ilang track na may iba't ibang tema para sa mga manlalaro upang tamasahin, mula sa pagmaneho sa tubig, rural farmlands, jungles, o kahit naman sa space! Subukan ang iyong makakaya habang umiiwas sa iba pang mga kart dahil maaring maabutan ka nila, ngunit huwag kainin ang mga saging! Tumingin para sa mga bowling ball, mga plunger, bubble gum, at cake na ibinato ng iyong mga kalaban.</p>
    <p xml:lang="fi">Pelattavana on useita ratoja eri teemoilla; aja veden alla, maaseudun viljelysmaalla, viidakossa tai jopa avaruudessa! Yritä parhaasi samalla muita autoja vältellen, ja muista olla syömättä banaaneja! Varo keilapalloja, imukuppeja, purukumia ja kakkuja, joita muut pelaajat kohdistavat vastustajiin.</p>
    <p xml:lang="es">Tenemos unos cuantos circuitos con temas varios para el disfrute de los jugadores, desde carreras subacuáticas, granjas rurales, junglas o incluso en el espacio! Hazlo lo mejor posible y evita a los otros karts, ya que pueden adelantarte, ¡pero no comas los plátanos! Cuidado con las bolas de bolos, los desatascadores, los chicles y los pasteles lanzados por tus oponentes.</p>
    <p xml:lang="el">Υπάρχουν διάφορες πίστες με διάφορα θέματα ώστε όλοι οι παίκτες να παιρνάνε καλά, από οδήγηση κάτω απο το νερό, αγροτικές περιοχές, ζούγκλες η ακόμα και στο διάστημα! Προσπάθησε όσο μπορείς να αποφύγεις άλλα karts όπου μπορούν να σε προσπεράσουν, όμως μην πέσεις πάνω στις μπανάνες! Να έχεις το νου σου για μπάλες του bowling, βεντούζες, φούσκες και cakes όπου θα έρθουν απο τους αντιπάλους σου.</p>
    <p xml:lang="de">Wir haben mehrere Strecken mit verschiedenen Themen für Spieler, die sie genießen können: Fahrten unter Wasser, über ländliches Ackerland, durch den Dschungel oder sogar im Weltraum! Versuche dein Bestes und vermeide dabei andere Karts, da diese möglicherweise überholen, aber esse keine Bananen! Achte auf Bowlingkugeln, Pömpel, Kaugummi und Kuchen, die von deinen Gegnern geworfen werden.</p>
    <p xml:lang="da">Vi har baner med diverse temaer, som spillere kan fornøje sig med fra kørsel under vandet, landbrug, jungler og endda i rummet! Gør dit bedste, mens du undviger andre karts, der overhaler dig, men spis ikke bananerne! Pas på bowlingkugler, svuppere, tyggegummi og kager som kastes af dine modstandere.</p>
    <p xml:lang="cy">Mae gennym ni sawl trac gyda themâu amrywiol i chwaraewyr eu mwynhau, o yrru o dan y dŵr, tiroedd ffermydd gwledig, jyngl neu yn y gofod! Gwna dy orau wrth osgoi cartiau eraill oherwydd efallai y byddan nhw'n dy basio, ond paid â bwyta'r bananas! Gwylia am beli bowlio, plymwyr, gwm swigen, a chacennau wedi'u taflu gan dy wrthwynebwyr.</p>
    <p xml:lang="cs">Máme několik tratí s různými tématy, které si hráči mohou užít, od tratí pod vodou, venkovských a zemědělských tratí, džunglí nebo dokonce trať ve vesmíru! Snažte se ze všech sil vyhýbat se ostatním motokárám, protože vás mohou předjet, ale nejezte banány! Dávejte pozor na bowlingové koule, zvony, žvýkačky a dorty hozené vašimi protivníky.</p>
    <p xml:lang="ca">Tenim varis circuits amb diferents ambientacions per disfrutar, des de conduir sota l'aigua, terres de cultiu rurals, selves o fins i tot l'espai! Dona-ho tot mentre evites que els altres karts t'avancin, però no et mengis els plàtans! Vigila amb les boles de bitlles, desembussadors, xiclets i pastissos llançats pels teus oponents.</p>
    <p xml:lang="bg">Разполагаме с разнообразни писти с най-различни тематики – карай под водата, из полята, джунглите и дори в космоса! Дай най-доброто от себе си, избягвай другите колички и в никакъв случай не яж бананите! Пази се от топките за боулинг, буталата, дъвките и кексчетата, които противниците ти ще се опитат да хвърлят по теб.</p>
    <p xml:lang="be">У гульні ёсць шмат разнастайных трэкаў - пад вадой, на ферме, у джунглях, альбо нават у космасе! Пакажыце, на што вы здольныя, але пазбягайце сутыкненняў з іншымі картамі, бо яны могуць абагнаць вас, і з бананамі! Будзьце ўважлівыя з шарамі для боўлінга, вантузамі, жуйкамі і піражкамі ад вашых супернікаў.</p>
    <p xml:lang="ar">لدينا العديد من المسارات بمواضيع مختلفة ليستمتع بها اللاعبون، من القيادة تحت الماء أو الأراضي الزراعية الريفية أو الأدغال أو حتى في الفضاء! ابذل قصارى جهدك وتجنب العربات الأخرى لأنها قد تتفوق عليك، ولا تأكل الموز! انتبه لكرات البولينج والمكابس وعلكة الفقاعات والكعك التي يريميها خصومك.</p>
    <p>
      You can do a single race against other karts, compete in one of several Grand Prix, try to beat the high score in time trials on your own, play battle mode against the computer or your friends, and more! For a greater challenge, join online and meet players from all over the world and prove your racing skills!
    </p>
    <p xml:lang="zh_TW">您可以與其他卡丁車進行單場比賽，參加大獎賽，嘗試在計時賽中獨自擊敗高分玩家，與電腦或是您的朋友進行對戰模式等等！如果想要有更強的挑戰，請與世界各地的玩家進行線上遊戲以證明您的賽車技術！</p>
    <p xml:lang="zh_HK">您可以與其他卡丁車進行單場比賽，參加大獎賽，嘗試在計時賽中獨自擊敗高分玩家，與電腦或是您的朋友進行對戰模式等等！如果想要有更強的挑戰，請與世界各地的玩家進行線上遊戲以證明您的賽車技術！</p>
    <p xml:lang="zh_CN">您可以和其它赛车一起比赛；参加锦标赛；试着在竞速模式中获得更高的分数；和电脑或者您的朋友玩战斗模式；此外还有更多有趣的东西等待您去发现。如果您想要更高的挑战，去在线和来自世界各地的玩家一起比赛吧，来证明您的赛车技术！</p>
    <p xml:lang="tr">Diğer araçlara karşı tek bir yarış yapabilir, birkaç Grand Prix'den birinde yarışabilir, zaman denemelerinde kendi başınıza yüksek puanı geçmeye çalışabilir, bilgisayara veya arkadaşlarınıza karşı savaş kipini oynayabilir ve daha fazlasını yapabilirsiniz! Daha büyük bir meydan okuma için çevrimiçi katılın ve dünyanın her yerinden oyuncularla tanışın ve yarış becerilerinizi kanıtlayın!</p>
    <p xml:lang="th">คุณสามารถแข่งเดี่ยวกับรถแข่งอื่น แข่งขันในกรังปรีซ์ หลายๆ แห่ง พยายามเอาชนะคะแนนสูงสุดในการทดสอบเวลาด้วยตัวของคุณเอง เล่นโหมดการต่อสู้กับคอมพิวเตอร์หรือเพื่อนของคุณ และอื่นๆ อีกมากมาย! เพื่อความท้าทายที่มากขึ้น เข้าร่วมออนไลน์และพบกับผู้เล่นจากทั่วทุกมุมโลกและพิสูจน์ทักษะการแข่งรถของคุณ!</p>
    <p xml:lang="sv">Du kan göra en enda tävling mot andra karter, tävla i en av flera Grand Prix, försöka slå höga poäng i tidsprov på egen hand, spela stridsläge mot datorn eller dina vänner och mer! För en större utmaning, gå med på nätet och träffa spelare från hela världen och bevisa dina tävlingsförmågor!</p>
    <p xml:lang="sr">Можете се тркати против осталих колица, такмичити у једној од неколико великих награда, покушати да забележите боље време од сопственог, играти битку против рачунара или својих пријатеља, и још подоста! За веће изазове, тркајте се против играча широм света и докажите своје возачко умеће!</p>
    <p xml:lang="sl">Prevoziš lahko eno samo dirko proti drugim vozilom, tekmuješ na turnirju, se poteguješ za najboljši rezultat v dirkah na čas, se boriš proti računalniku ali svojim prijateljem in še več! Da bo izziv večji, se poveži na splet z drugimi igralci po svetu in pokaži svoje dirkaške veščine!</p>
    <p xml:lang="sk">Môžete pretekať proti ostatným motokáram, súťažiť v niektorej z Grand Prix, pokúsiť sa sám prekonať rekord v pretekoch na čas, zahrať si v režime bitky proti počítaču alebo priateľom a ešte viac! Ak chcete zažiť skutočnú výzvu, pripojte sa a zmerajte si sily s hráčmi z celého sveta a predveďte ostatným svoje pretekárske zručnosti!</p>
    <p xml:lang="rue">Вы можете участвовати у єдному перебігови против другых возикув, перебігати ся у єдному вадь дакулькох Великых Перемаганках, пробовати побити рекорд у перебігах на час осаміло, бавити у режімі биткы против компютора вадь цімборув тай повно другого! Обы учинити свої перебігы май чажкыма, прикапчуйте ся од другым бавлячам из усього світа, и укажіт якый из вас шофер!</p>
    <p xml:lang="ru">Вы можете создать гонку против других картов, посоревноваться в одном из нескольких Гран-При, попытаться побить лучшее время, устроить битву против друзей или ботов, или попробовать другие режимы! Если же вы хотите усложнить игру и показать свои навыки, то попробуйте сыграть вместе с игроками со всего мира посредством онлайн-гонок!</p>
    <p xml:lang="pt_BR">Participe de corridas, entre em campeonatos, diminua seu tempo nas pistas, mostre seu talento com a bola e encare seus adversários no modo batalha! Para mostrar do que é capaz, entre no modo online e enfrente jogadores de todas as partes do mundo!</p>
    <p xml:lang="pt">Podes fazer uma corrida contra outros karts, competir num Campeonato, tentar bater o recorde em Contrarrelógios por ti mesmo, jogar o modo Batalha contra o computador ou amigos teus, e mais! Para um desafio maior, joga online, conhece jogadores de todo o mundo e prova de que és feito!</p>
    <p xml:lang="pl">Możesz rozegrać pojedynczy wyścig z innymi gokartami, wziąć udział w jednym z kilku Grand Prix, spróbować pobić swój najwyższy wynik w próbach czasowych, zagrać w trybie bitwy z komputerem lub znajomymi i nie tylko! Dla większych wyzwań dołącz do gry online, poznaj graczy z całego świata i pokaż swoje umiejętności wyścigowe!</p>
    <p xml:lang="nn">Du kan blant anna konkurrera mot vennar eller datamaskina i enkeltløp, ulike turneringar og kampmodus, eller prøva å slå gamle tidsrekordar! Og ønskjer du ei større utfordring, kan du møta og prøva deg mot spelarar frå heile verda via nettet!</p>
    <p xml:lang="nl">Je kunt een wedstrijd organiseren tegen andere karts, meedoen aan één van de vele toernooien, de topscores verbeteren in tijdraces, tegen elkaar vechten (zowel tegen de computer als je vrienden) en nog veel meer! Zoek je nóg meer uitdaging? Race dan online tegen personen van over heel de wereld en laat zien hoe goed je bent!</p>
    <p xml:lang="ml">മറ്റു കാർട്ടുകൾക്കെതിരെ നിങ്ങൾക്ക് ഒരു ഒറ്റയാൾ റേസ് നടത്താൻ സാധിക്കും, ഒരുപാട് ഗ്രാന്റ് പ്രീകളിലൊന്നിൽ മത്സരിക്കാനും, നിങ്ങൾക്ക് സ്വന്തമായി ടൈം ട്രയലുകളിലെ ഉയർന്ന സ്കോർ പരാജയപ്പെടുത്താനും, കമ്പ്യൂട്ടറിനോ നിങ്ങളുടെ സുഹൃത്തുക്കൾക്കോ എതിരെ യുദ്ധമോഡിൽ കളിക്കാനും കൂടാതെ ധാരാളം! വിപുലമായ ഒരു വെല്ലുവിളിക്കായി, ഓൺലൈനിൽ ചേർന്ന് ലോകത്താകമാനമുള്ള കളിക്കാരെ കണ്ടുമുട്ടി നിങ്ങളുടെ റേസിംഗ് മിടുക്കുകൾ തെളിയിക്കു!</p>
    <p xml:lang="mk">Можете да се тркате во самостојна игра со други возила, да се натпреварувате во еден од повеќе Grand Prix-ови, обидете се да го поминете вашиот најдобар резултат во временско ограничени трки самостојно, играјте во режимот борба против компјутерот или вашите пријатели, и повеќе! За поголем предизвик, придружете се онлајн и запознајте играчи од целиот свет и докажете ги вашите возачки вештини!</p>
    <p xml:lang="ko">다른 카트와 경주를 하고, 수많은 그랑프리에서 경쟁하고, 솔로 플레이로 자신의 타임어택 최고 기록을 갱신하고, 컴퓨터나 친구와 배틀 모드를 플레이 할 수 있습니다! 더 대단한 도전을 위해 온라인으로 전 세계의 플레이어를 만나서 당신의 레이싱 실력을 증명하세요!</p>
    <p xml:lang="ja">他のカートとのシングルレース、いくつかのグランプリでの競争、タイムトライアルでのハイスコア更新、コンピューターや友人とのバトルモードなど、さまざまなことができます。より大きな挑戦として、オンラインに参加して世界中のプレイヤーと出会い、あなたのレーススキルを証明しよう!</p>
    <p xml:lang="it">Puoi fare una gara singola contro altri kart, competere in uno dei numerosi Gran Prix, provare a battere i punteggi più alti nelle prove a tempo, sfidare amici e IA in modalità battaglia e altro ancora! Per una sfida ancora più stimolante, gioca in rete e mettiti alla prova gareggiando contro giocatori da tutto il mondo!</p>
    <p xml:lang="id">Kamu dapat bermain balapan tunggal melawan kart lain, bertanding di salah satu Grand Prix, mencoba mengalahkan skor tinggi di uji waktu sendirian, bermain mode pertempuran melawan komputer atau teman-temanmu dan banyak lagi! Untuk permainan yang lebih menantang, bergabunglah di pemainan daring dan bertemu dengan pemain dari seluruh dunia dan buktikan kemampuan menyetirmu!</p>
    <p xml:lang="hu">Versenyezhetsz más gokartokkal különálló futamokon, részt vehetsz nagydíjakon, megpróbálhatod egyedül elérni a legjobb köridőt, játszhatsz csata módban a számítógép ellen vagy barátokkal, és még sok mást! A nagyobb kihíváshoz csatlakozz az internetre, találkozz játékosokkal a világ minden tájáról, és mutasd meg a vezetési képességeidet!</p>
    <p xml:lang="he">אפשר להתחרות במרוץ בודד נגד מכוניות אחרות, להתמודד באחד מכמה גרנד־פרי, לנסות לשבור את השיא שלך לבד בְּמרוץ נגד השעון, לשחק במצב קרב מול המחשב או החברים, ועוד! אתגר גדול יותר: להצטרף לְמרוץ ברשת ולפגוש שחקנים מכל רחבי העולם ולהוכיח את כישורי המרוץ שלך!</p>
    <p xml:lang="gd">’S urrainn dhut aon rèis a-mhàin a dhèanamh an aghaidh chartaichean eile, feuchainn ri iomadh Grand Prix, feuchainn am bi thu nas luaithe na càch ann an geama an aghaidh na h-ùine agad fhèin, cluich ann am modh còmhraige an aghaidh a’ choimpiutair no do charaidean is mòran a bharrachd! Airson dùbhlan nas motha, faigh ballrachd air loidhne is coinnich ri daoine o fheadh an t-saoghail is dearbh na sgilean rèisidh agad!</p>
    <p xml:lang="fr">Vous pouvez faire une simple course contre d'autres karts, compétitionner dans un de nos Grands Prix, tenter de battre le score au contre la montre, faire la bataille contre l'ordinateur ou vous amis, et plus ! Pour un plus grand défi, rejoignez le jeu en ligne et rencontrez des joueurs des quatre coins du monde et prouvez vos talents de conducteur !</p>
    <p xml:lang="fil">Maari kang gumawa ng isang karera laban sa ibang mga kart, makipagkumpetensya sa isa sa maraming Grand Prix, subukang talunin ang mga high score sa mga pagsubok sa oras o mag-isa. maglaro ng battle mode laban sa computer or sa iyong mga kaibigan, at higit pa! Para sa mas malaking hamon, sumali online at makilala ang mga manlalaro mula sa buong mundo at patunayan ang iyong driving skills!</p>
    <p xml:lang="fi">Voit suorittaa yksittäisiä kisoja muita ajokkeja vastaan, ottaa mittaa jossakin lukuisista Grand Prix -osakilpailuista, pyrkiä rikkomaan aikaennätyksiä yksin, pelata taistelumuotoista kahakkaa tietokonetta tai ystäviäsi vastaan ja paljon muuta! Jos mielit isompien haasteiden pariin, aja kilpaa verkkopeleissä, missä pelaajia on kaikkialta maailmasta ja todista ajotaitosi!</p>
    <p xml:lang="es">Puedes correr una carrera suelta contra otros karts, competir en uno de los varios Campeonatos, intentar batir la máxima puntuación en las contrarreloj tú solo, jugar el modo batalla contra el ordenador o contra tus amigos, ¡y más! ¡Si quieres un reto mayor, únete al online y reúnete con jugadores de todo el mundo para probar tus habilidades de corredor!</p>
    <p xml:lang="el">Μπορείς να κάνεις μονο 'εναν αγώνα ενάντιον άλλων karts, να ανταγωνιστείς σε ενα από τα διάφορους μαραθώνιους απο αγώνες, προσπάθησε να ξεπεράσεις το καλύτερο χρονο στους αγώνες ταχύτητας από μόνο σου, δοκίμασε αγώνες αναμέτρησεις εναντίον του υπολογιστή η των φίλλων σου, και πολλά άλλα! Για μια πιο δύσκολη πρόσκληση, μπες online και συνάντησε άλλους παίκτες απο όλες τις γωνιές του κόσμου και απέδιξε τους, τις ικανότητες σου!</p>
    <p xml:lang="de">Du kannst ein einzelnes Rennen gegen andere Karts fahren, an einem von mehreren Grands Prix teilnehmen, versuchen, den Rekord im Zeitfahren zu schlagen, im Kampfmodus gegen den Computer oder deine Freunde spielen und vieles mehr! Für eine noch größere Herausforderung kannst du dich online mit Spielern aus der ganzen Welt messen und deine Rennkünste unter Beweis stellen!</p>
    <p xml:lang="da">Du kan tage et enkelt race mod andre karts, dyste i en af mange grandprixer, prøve at slå highscore i tidskørsel på egen hånd, spille i kamptilstand mod computeren eller dine venner og mere! For en større udfordring kan du tilslutte dig online, møde og bevise dine køreevner med og for spillere fra hele verden!</p>
    <p xml:lang="cy">Gelli wneud ras unigol yn erbyn cartiau eraill, cystadlu mewn un o nifer o Grand Prix, ceisio curo'r sgôr uchel mewn treialon amser ar dy ben dy hun, chwarae modd brwydr yn erbyn y cyfrifiadur neu dy ffrindiau, a mwy! Am her fwy, ymuna ar-lein a chwrdd â chwaraewyr o bob cwr o'r byd a phrofi dy sgiliau rasio!</p>
    <p xml:lang="cs">Můžete absolvovat samostatný závod s jinými motokáry, soutěžit v jedné z několika Velkých cen, pokusit se porazit vysoké skóre v závodech na čas, hrát bojový režim proti počítači nebo svým přátelům a další! Pro ještě větší výzvu se připojte on-line a potkejte se s hráči z celého světa a prokažte své závodní schopnosti!</p>
    <p xml:lang="ca">Pots córrer una sola cursa contra altres karts, competir en un o varis campionats, intentar superar les puntuacions màximes en les teves pròpies curses contra rellotge, jugar en mode batalla contra l'ordinador o els teus amics, i més! Per a un desafiament encara més gran, competeix en línia contra jugadors de tot el món i demostra les teves habilitats al volant!</p>
    <p xml:lang="bg">Можеш да изиграеш единично състезание срещу други колички, да се съревноваваш в някой от турнирите за Голямата награда, да се опиташ да победиш най-доброто време сам, да играеш бойния режим срещу компютъра или приятелите си, и още! Ако имаш нужда от по-голямо предизвикателство, можеш да се състезаваш по Интернет срещу други играчи от целия свят и да им докажеш, че си най-добрият!</p>
    <p xml:lang="be">Вы можаце правесці адну гонку супраць іншых картаў, паспаборнічаць у адным з некалькіх Гран-пры, паспрабаваць самастойна пабіць лепшы час, гуляць у рэжыме бою супраць кампутара або сваіх сяброў і многае іншае! Далучайцеся да анлайн і сустракайцеся з гульцамі з усяго свету і пакажыце свае гоначныя навыкі!</p>
    <p xml:lang="ar">يمكنك لعب سباق واحد ضد عربات أخرى، أو التنافس في واحدة من العديد من سباقات الجائرة الكبرى، أو محاولة الحصول على وقت سريع في وضع التجربة الزمنية، أو اللعب في وضع المعركة ضد الكمبيوتر أو أصدقائك، والمزيد! لتحدي أكبر، انضم عبر الإنترنت وقابل لاعبين من جميع أنحاء العالم وأثبت مهاراتك في السباق!</p>
  </description>
  <screenshots>
    <screenshot type="default">
      <image>https://supertuxkart.net/assets/wiki/STK1.3_1.jpg</image>
      <caption>Normal Race</caption>
      <caption xml:lang="zh_TW">正常比賽</caption>
      <caption xml:lang="zh_HK">正常比賽</caption>
      <caption xml:lang="zh_CN">正常比赛</caption>
      <caption xml:lang="vi">Chế Độ Thường</caption>
      <caption xml:lang="uk">Звичайна гонка</caption>
      <caption xml:lang="tt">Гади узыш</caption>
      <caption xml:lang="tr">Normal Yarış</caption>
      <caption xml:lang="th">แข่งขันแบบปกติ</caption>
      <caption xml:lang="szl">Normalny wyścig</caption>
      <caption xml:lang="sw">Ushindaji wa Kawaida</caption>
      <caption xml:lang="sv">Normal tävling</caption>
      <caption xml:lang="sr">Обична трка</caption>
      <caption xml:lang="sl">Običajna dirka</caption>
      <caption xml:lang="sk">Obyčajné preteky</caption>
      <caption xml:lang="rue">Нормалный перебіг</caption>
      <caption xml:lang="ru">Обычная гонка</caption>
      <caption xml:lang="ro">Cursa normală</caption>
      <caption xml:lang="pt_BR">Corrida normal</caption>
      <caption xml:lang="pt">Corrida Normal</caption>
      <caption xml:lang="pl">Zwykły wyścig</caption>
      <caption xml:lang="oc">Corsa normala</caption>
      <caption xml:lang="nn">Vanleg løp</caption>
      <caption xml:lang="nl">Normale race</caption>
      <caption xml:lang="nb">Vanlig løp</caption>
      <caption xml:lang="ml">സാധാരണ റേസ്</caption>
      <caption xml:lang="mk">Обична Трка</caption>
      <caption xml:lang="lv">Parastas sacīkstes</caption>
      <caption xml:lang="lt">Paprastos lenktynės</caption>
      <caption xml:lang="la">Cursus solitus</caption>
      <caption xml:lang="ky">Жөнөкөй гонка</caption>
      <caption xml:lang="kw">Resek usadow</caption>
      <caption xml:lang="krl">Normuali kilbu</caption>
      <caption xml:lang="ko">일반 경주</caption>
      <caption xml:lang="ja">普通レース</caption>
      <caption xml:lang="it">Gara normale</caption>
      <caption xml:lang="id">Balapan Biasa</caption>
      <caption xml:lang="hu">Normál verseny</caption>
      <caption xml:lang="hr">Normalna utrka</caption>
      <caption xml:lang="hi">साधारण रेस</caption>
      <caption xml:lang="he">מרוץ רגיל</caption>
      <caption xml:lang="gl">Carreira normal</caption>
      <caption xml:lang="gd">Rèis àbhaisteach</caption>
      <caption xml:lang="ga">Rás Normálta</caption>
      <caption xml:lang="fr">Course normale</caption>
      <caption xml:lang="fil">Normal na Karera</caption>
      <caption xml:lang="fi">Normaali kilpailu</caption>
      <caption xml:lang="fa">مسابقه عادی</caption>
      <caption xml:lang="eu">Lasterketa normala</caption>
      <caption xml:lang="et">Tavaline sõit</caption>
      <caption xml:lang="es">Carrera normal</caption>
      <caption xml:lang="eo">Normala Vetkuro</caption>
      <caption xml:lang="el">Κανονικός αγώνας</caption>
      <caption xml:lang="de">Normales Rennen</caption>
      <caption xml:lang="da">Normalt løb</caption>
      <caption xml:lang="cy">Ras Arferol</caption>
      <caption xml:lang="cs">Normální závod</caption>
      <caption xml:lang="ca">Cursa normal</caption>
      <caption xml:lang="bs">Obična trka</caption>
      <caption xml:lang="br">Redadeg normal</caption>
      <caption xml:lang="bn">সাধারণ রেস</caption>
      <caption xml:lang="bg">Обикновено състезание</caption>
      <caption xml:lang="be">Звычайная гонка</caption>
      <caption xml:lang="ar">سباق عاديّ</caption>
    </screenshot>
    <screenshot>
      <image>https://supertuxkart.net/assets/wiki/STK1.3_5.jpg</image>
      <caption>Battle</caption>
      <caption xml:lang="zh_TW">對戰</caption>
      <caption xml:lang="zh_HK">對戰</caption>
      <caption xml:lang="zh_CN">对战</caption>
      <caption xml:lang="uk">Битва</caption>
      <caption xml:lang="tt">Сугыш</caption>
      <caption xml:lang="tr">Savaş</caption>
      <caption xml:lang="th">ปะทะ</caption>
      <caption xml:lang="szl">Batalijo</caption>
      <caption xml:lang="sw">Pigano</caption>
      <caption xml:lang="sv">Strid</caption>
      <caption xml:lang="sr">Бој</caption>
      <caption xml:lang="sl">Bitka</caption>
      <caption xml:lang="sk">Bitka</caption>
      <caption xml:lang="rue">Битка</caption>
      <caption xml:lang="ru">Битва</caption>
      <caption xml:lang="ro">Batalie</caption>
      <caption xml:lang="pt_BR">Batalha</caption>
      <caption xml:lang="pt">Batalha</caption>
      <caption xml:lang="pl">Bitwa</caption>
      <caption xml:lang="oc">Batalha</caption>
      <caption xml:lang="nn">Kamp</caption>
      <caption xml:lang="nl">Gevecht</caption>
      <caption xml:lang="nb">Kamp</caption>
      <caption xml:lang="ml">യുദ്ധം</caption>
      <caption xml:lang="mk">Борба</caption>
      <caption xml:lang="lt">Kova</caption>
      <caption xml:lang="ko">배틀</caption>
      <caption xml:lang="ja">バトル</caption>
      <caption xml:lang="it">Battaglia</caption>
      <caption xml:lang="id">Perang</caption>
      <caption xml:lang="hu">Csata</caption>
      <caption xml:lang="hr">Borba</caption>
      <caption xml:lang="hi">लड़ाई</caption>
      <caption xml:lang="he">קרב</caption>
      <caption xml:lang="gl">Batalla</caption>
      <caption xml:lang="gd">Còmhrag</caption>
      <caption xml:lang="ga">Cath</caption>
      <caption xml:lang="fr">Bataille</caption>
      <caption xml:lang="fil">Labanan</caption>
      <caption xml:lang="fi">Taistelu</caption>
      <caption xml:lang="fa">رقابت</caption>
      <caption xml:lang="eu">Borroka</caption>
      <caption xml:lang="et">Lahing</caption>
      <caption xml:lang="es">Batalla</caption>
      <caption xml:lang="eo">Batalo</caption>
      <caption xml:lang="el">Μονομαχία</caption>
      <caption xml:lang="de">Kampf</caption>
      <caption xml:lang="da">Kamp</caption>
      <caption xml:lang="cy">Brwydr</caption>
      <caption xml:lang="cs">Bitva</caption>
      <caption xml:lang="ca">Batalla</caption>
      <caption xml:lang="bs">Borba</caption>
      <caption xml:lang="br">Emgann</caption>
      <caption xml:lang="bg">Битка</caption>
      <caption xml:lang="be">Бітва</caption>
      <caption xml:lang="ar">معركة</caption>
    </screenshot>
    <screenshot>
      <image>https://supertuxkart.net/assets/wiki/STK1.3_6.jpg</image>
      <caption>Soccer</caption>
      <caption xml:lang="zh_TW">足球</caption>
      <caption xml:lang="zh_HK">足球</caption>
      <caption xml:lang="zh_CN">足球</caption>
      <caption xml:lang="vi">Đá banh</caption>
      <caption xml:lang="uk">Футбол</caption>
      <caption xml:lang="tt">Футбол</caption>
      <caption xml:lang="tr">Futbol</caption>
      <caption xml:lang="th">ฟุตบอล</caption>
      <caption xml:lang="szl">Fuzbal</caption>
      <caption xml:lang="sw">Mpira</caption>
      <caption xml:lang="sv">Fotboll</caption>
      <caption xml:lang="sr">Ногомет</caption>
      <caption xml:lang="sl">Nogomet</caption>
      <caption xml:lang="sk">Futbal</caption>
      <caption xml:lang="rue">Фодбал</caption>
      <caption xml:lang="ru">Футбол</caption>
      <caption xml:lang="ro">Fotbal</caption>
      <caption xml:lang="pt_BR">Futebol</caption>
      <caption xml:lang="pt">Futebol</caption>
      <caption xml:lang="pl">Piłka Nożna</caption>
      <caption xml:lang="oc">Fotbal</caption>
      <caption xml:lang="nn">Fotball</caption>
      <caption xml:lang="nl">Voetbal</caption>
      <caption xml:lang="nb">Fotball</caption>
      <caption xml:lang="ml">സോക്കർ</caption>
      <caption xml:lang="mk">Фудбал</caption>
      <caption xml:lang="lv">Futbols</caption>
      <caption xml:lang="lt">Futbolas</caption>
      <caption xml:lang="la">Pediludium</caption>
      <caption xml:lang="kw">Pel-droos</caption>
      <caption xml:lang="krl">Jalgumiäččy</caption>
      <caption xml:lang="ko">축구</caption>
      <caption xml:lang="jbo">lo bolci te jivna</caption>
      <caption xml:lang="ja">サッカー</caption>
      <caption xml:lang="it">Calcio</caption>
      <caption xml:lang="id">Sepak Bola</caption>
      <caption xml:lang="hu">Foci</caption>
      <caption xml:lang="hr">Footbalica</caption>
      <caption xml:lang="hi">फ़ुटबॉल</caption>
      <caption xml:lang="he">כדורגל</caption>
      <caption xml:lang="gl">Fútbol</caption>
      <caption xml:lang="gd">Ball-coise</caption>
      <caption xml:lang="ga">Sacar</caption>
      <caption xml:lang="fr_CA">Soccer</caption>
      <caption xml:lang="fr">Football</caption>
      <caption xml:lang="fil">Soccer</caption>
      <caption xml:lang="fi">Jalkapallo</caption>
      <caption xml:lang="fa">فوتبال</caption>
      <caption xml:lang="eu">Futbola</caption>
      <caption xml:lang="et">Jalgpallimatš</caption>
      <caption xml:lang="es">Fútbol</caption>
      <caption xml:lang="eo">Piedpilko</caption>
      <caption xml:lang="el">Ποδόσφαιρο</caption>
      <caption xml:lang="de">Fußball</caption>
      <caption xml:lang="da">Fodbold</caption>
      <caption xml:lang="cy">Pêl-droed</caption>
      <caption xml:lang="cs">Fotbal</caption>
      <caption xml:lang="ca">Futbol</caption>
      <caption xml:lang="bs">Nogomet</caption>
      <caption xml:lang="br">Mell-droad</caption>
      <caption xml:lang="bg">Футбол</caption>
      <caption xml:lang="be">Футбол</caption>
      <caption xml:lang="ar">كرة قدم</caption>
    </screenshot>
  </screenshots>
  <developer_name>SuperTuxKart Team</developer_name>
  <developer_name xml:lang="zh_TW">SuperTuxKart 團隊</developer_name>
  <developer_name xml:lang="zh_HK">SuperTuxKart 團隊</developer_name>
  <developer_name xml:lang="zh_CN">SuperTuxKart开发团队</developer_name>
  <developer_name xml:lang="uk">Команда SuperTuxKart</developer_name>
  <developer_name xml:lang="tt">SuperTuxKart Такымы</developer_name>
  <developer_name xml:lang="tr">SuperTuxKart Takımı</developer_name>
  <developer_name xml:lang="th">SuperTuxKart Team</developer_name>
  <developer_name xml:lang="sv">SuperTuxKart-team</developer_name>
  <developer_name xml:lang="sr">Дружина СуперТаксКолица</developer_name>
  <developer_name xml:lang="sl">Ekipa SuperTuxKart</developer_name>
  <developer_name xml:lang="sk">SuperTuxKart tím</developer_name>
  <developer_name xml:lang="rue">SuperTuxKart Турба</developer_name>
  <developer_name xml:lang="ru">Команда SuperTuxKart</developer_name>
  <developer_name xml:lang="ro">Echipa SuperTuxKart </developer_name>
  <developer_name xml:lang="pt_BR">A equipe do SuperTuxKart</developer_name>
  <developer_name xml:lang="pt">Equipa SuperTuxKart</developer_name>
  <developer_name xml:lang="pl">SuperTuxKart Team</developer_name>
  <developer_name xml:lang="oc">Còla de SuperTuxKart</developer_name>
  <developer_name xml:lang="nn">SuperTuxKart-utviklarlaget</developer_name>
  <developer_name xml:lang="nl">Het SuperTuxKart-team</developer_name>
  <developer_name xml:lang="ml">സൂപ്പർടക്സ്കാർട്ട് ടീം</developer_name>
  <developer_name xml:lang="mk">СуперТуксКарт Тим</developer_name>
  <developer_name xml:lang="lt">SuperTuxKart komanda</developer_name>
  <developer_name xml:lang="ko">슈퍼턱스카트 팀</developer_name>
  <developer_name xml:lang="ja">SuperTuxKartチーム</developer_name>
  <developer_name xml:lang="it">Il team di SuperTuxKart</developer_name>
  <developer_name xml:lang="id">Tim SuperTuxKart</developer_name>
  <developer_name xml:lang="hu">A SuperTuxKart csapat</developer_name>
  <developer_name xml:lang="hi">SuperTuxKart टीम</developer_name>
  <developer_name xml:lang="he">צוות SuperTuxKart</developer_name>
  <developer_name xml:lang="gl">Equipo SuperTuxKart</developer_name>
  <developer_name xml:lang="gd">Sgioba SuperTuxKart</developer_name>
  <developer_name xml:lang="ga">Foireann SuperTuxKart</developer_name>
  <developer_name xml:lang="fy">SuperTuxKart Team</developer_name>
  <developer_name xml:lang="fr">L'équipe SuperTuxKart</developer_name>
  <developer_name xml:lang="fil">SuperTuxKart Team</developer_name>
  <developer_name xml:lang="fi">SuperTuxKart-tiimi</developer_name>
  <developer_name xml:lang="eu">SuperTuxKart taldea</developer_name>
  <developer_name xml:lang="et">Mängu autorid</developer_name>
  <developer_name xml:lang="es">El equipo de SuperTuxKart.</developer_name>
  <developer_name xml:lang="eo">SuperTuxKart Teamo</developer_name>
  <developer_name xml:lang="el">Ομάδα SuperTuxKart</developer_name>
  <developer_name xml:lang="de">SuperTuxKart-Team</developer_name>
  <developer_name xml:lang="da">SuperTuxKart-teamet</developer_name>
  <developer_name xml:lang="cy">Tîm SuperTuxKart</developer_name>
  <developer_name xml:lang="cs">Tým SuperTuxKart</developer_name>
  <developer_name xml:lang="ca">L'equip del SuperTuxKart</developer_name>
  <developer_name xml:lang="bg">Екипът на Супар Тъкс Карт</developer_name>
  <developer_name xml:lang="be">Каманда SuperTuxKart</developer_name>
  <developer_name xml:lang="ar">فريق سوبر تكس كارت</developer_name>
  <update_contact>supertuxkart-devel@lists.sourceforge.net</update_contact>
  <url type="homepage">https://supertuxkart.net</url>
  <url type="bugtracker">https://github.com/supertuxkart/stk-code/issues</url>
  <url type="donation">https://supertuxkart.net/Donate</url>
  <url type="help">https://supertuxkart.net/Community</url>
  <url type="translate">https://supertuxkart.net/Translating_STK</url>
  <url type="faq">https://supertuxkart.net/FAQ</url>
  <url type="vcs-browser">https://github.com/supertuxkart/stk-code</url>
  <url type="contribute">https://supertuxkart.net/Community</url>
  <content_rating type="oars-1.1">
    <content_attribute id="violence-cartoon">mild</content_attribute>
    <content_attribute id="social-chat">intense</content_attribute>
  </content_rating>
  <releases>
    <release version="1.4" date="2022-10-31">
      <url>https://blog.supertuxkart.net/2022/11/supertuxkart-14-release.html</url>
    </release>
    <release version="1.3" date="2021-09-28">
      <url>https://blog.supertuxkart.net/2021/09/supertuxkart-13-release.html</url>
    </release>
    <release version="1.2" date="2020-08-27"/>
    <release version="1.1" date="2020-01-05"/>
    <release version="1.0" date="2019-04-21"/>
  </releases>
  <languages>
    <lang percentage="98">ar</lang>
    <lang percentage="99">be</lang>
    <lang>bg</lang>
    <lang percentage="16">bn</lang>
    <lang percentage="68">br</lang>
    <lang percentage="70">bs</lang>
    <lang>ca</lang>
    <lang percentage="99">cs</lang>
    <lang>cy</lang>
    <lang percentage="99">da</lang>
    <lang percentage="99">de</lang>
    <lang percentage="99">el</lang>
    <lang percentage="81">eo</lang>
    <lang>es</lang>
    <lang percentage="60">et</lang>
    <lang percentage="95">eu</lang>
    <lang percentage="9">fa</lang>
    <lang>fi</lang>
    <lang percentage="99">fil</lang>
    <lang percentage="99">fr</lang>
    <lang percentage="99">fr_CA</lang>
    <lang percentage="2">fy</lang>
    <lang percentage="29">ga</lang>
    <lang percentage="99">gd</lang>
    <lang percentage="76">gl</lang>
    <lang percentage="99">he</lang>
    <lang percentage="27">hi</lang>
    <lang percentage="31">hr</lang>
    <lang percentage="99">hu</lang>
    <lang percentage="3">hy</lang>
    <lang percentage="99">id</lang>
    <lang percentage="2">is</lang>
    <lang percentage="99">it</lang>
    <lang percentage="97">ja</lang>
    <lang percentage="10">jbo</lang>
    <lang percentage="98">ko</lang>
    <lang percentage="57">krl</lang>
    <lang percentage="43">kw</lang>
    <lang percentage="15">ky</lang>
    <lang percentage="51">la</lang>
    <lang percentage="63">lt</lang>
    <lang percentage="40">lv</lang>
    <lang percentage="99">mk</lang>
    <lang percentage="99">ml</lang>
    <lang percentage="71">nb</lang>
    <lang>nl</lang>
    <lang percentage="99">nn</lang>
    <lang percentage="39">oc</lang>
    <lang percentage="2">os</lang>
    <lang percentage="99">pl</lang>
    <lang>pt</lang>
    <lang percentage="99">pt_BR</lang>
    <lang percentage="28">ro</lang>
    <lang>ru</lang>
    <lang percentage="99">rue</lang>
    <lang percentage="1">sc</lang>
    <lang percentage="1">sco</lang>
    <lang percentage="95">sk</lang>
    <lang>sl</lang>
    <lang percentage="3">sq</lang>
    <lang percentage="99">sr</lang>
    <lang percentage="99">sv</lang>
    <lang percentage="81">sw</lang>
    <lang percentage="91">szl</lang>
    <lang percentage="98">th</lang>
    <lang percentage="99">tr</lang>
    <lang percentage="58">tt</lang>
    <lang percentage="89">uk</lang>
    <lang percentage="20">vi</lang>
    <lang>zh_CN</lang>
    <lang>zh_HK</lang>
    <lang>zh_TW</lang>
  </languages>
  <provides>
    <binary>supertuxkart</binary>
  </provides>
  <supports>
    <control>pointing</control>
    <control>keyboard</control>
    <control>gamepad</control>
  </supports>
  <requires>
    <memory>1024</memory>
  </requires>
</component>
